{"x_scale": [0.0033333888898148304, 1.0010402900975094e-06, 8.549758338837127e-19], "x_min": [-0.03334222237037284, -0.0010018744938151164, -8.550742722806718e-07]}