{"x_scale": [0.0050000333335555565, 1.0000066667111115e-06, 0.16666888891851891], "x_min": [-0.050003666691111275, -0.010003400022666819, -2.000030000400005]}