{"x_scale": [0.005000066667555567, 1.0000133335111136e-06, 0.12500083333888892], "x_min": [-0.05001066680889079, -0.010003466712889507, -1.125010833405556]}