{"x_scale": [0.005000200008000321, 8.685897182577192e-07, 8.685897182577193e-19], "x_min": [-0.05001200048001921, -0.0008694583123189505, -8.772756588700324e-05]}