{"x_scale": [0.0033333888898148304, 8.550488165685646e-07, 8.549758338837127e-19], "x_min": [-0.03334222237037284, -0.0008557613602179791, -8.550742722806718e-07]}