{"x_scale": [0.005000041667013891, 1.000016666944449e-06, 0.1250010416753473], "x_min": [-0.05000458337152809, -0.010012666877781295, -1.2500145834548622]}