{"x_scale": [0.005000066667555567, 1.0000066667111115e-06, 0.16666777778518518], "x_min": [-0.050004000053334045, -0.010003400022666819, -2.166684444562963]}