{"x_scale": [0.005000100002000039, 1.000010000100001e-06, 0.1250012500125001], "x_min": [-0.05000600012000239, -0.010005100051000509, -1.2500175001750014]}