{"x_scale": [0.0133422281521014], "x_min": [3.3582388258839226e-25]}