{"x_scale": [0.007412903938401733], "x_min": [-7.412903938401733e-07]}