{"x_scale": [0.0035348179568752214], "x_min": [3.220926122304702e-30]}