{"x_scale": [0.006868136585258644], "x_min": [-6.868136585258644e-07]}