{"x_scale": [0.019343184694764353], "x_min": [0.9000083665129652]}