{"x_scale": [0.006671168549101428], "x_min": [-8.165510304100148e-06]}