{"x_scale": [0.00040666937779585197], "x_min": [6.376575843838959e-22]}