{"x_scale": [0.006958947083470483], "x_min": [-6.958947083470484e-07]}