{"x_scale": [0.10102030508132136], "x_min": [2.05273259925245e-26]}