{"x_scale": [0.004011233057052971], "x_min": [-4.0112330570529713e-07]}