{"x_scale": [0.0057405281285878304], "x_min": [1.4758897818599313e-31]}