{"x_scale": [0.18721306385635839], "x_min": [0.6043047550327818]}