{"x_scale": [0.02020885043981742], "x_min": [0.8943719487622461]}