{"x_scale": [0.1651829103029172], "x_min": [0.6535689339307744]}