{"x_scale": [0.01351901246317759], "x_min": [-1.3519012463177591e-06]}