{"x_scale": [0.006671118526429971], "x_min": [-6.671118526429972e-07]}