{"x_scale": [0.0004464285714285714], "x_min": [4.665178571428571e-25]}