{"x_scale": [0.011012015209795408], "x_min": [-1.1012015209795408e-06]}