{"x_scale": [0.05112474437627812], "x_min": [4.6022494887525563e-26]}