{"x_scale": [0.007042258480463719], "x_min": [-7.042258480463719e-07]}