{"x_scale": [0.001713208840157615], "x_min": [8.082919307863627e-23]}