{"x_scale": [0.019297717459281438], "x_min": [0.899819975607916]}