{"x_scale": [0.00727802037845706], "x_min": [2.5997088791848616e-24]}