{"x_scale": [0.0070373026300511125], "x_min": [-7.037302630051113e-07]}