{"x_scale": [0.0006289308176100629], "x_min": [1.1867924528301886e-26]}