{"x_scale": [0.0007974481658692185], "x_min": [9.274322169059012e-28]}