{"x_scale": [0.007012627638588807], "x_min": [-7.012627638588808e-07]}