{"x_scale": [0.018320624357509738], "x_min": [0.9065226328574916]}