{"x_scale": [0.0009615384615384616], "x_min": [3.545192307692308e-25]}