{"x_scale": [0.006997905526875806], "x_min": [-6.997905526875806e-07]}