{"x_scale": [0.0002813731007315701], "x_min": [1.5205402363534047e-22]}