{"x_scale": [0.0002021018593371059], "x_min": [6.6046887631366205e-22]}