{"x_scale": [8.244023083264634e-05], "x_min": [-1.1055234954657874e-17]}