{"x_scale": [0.006915634104864526], "x_min": [-6.915634104864526e-07]}