{"x_scale": [0.006925212552086255], "x_min": [-6.925212552086255e-07]}