{"x_scale": [0.01862900568295949], "x_min": [0.9029422758492414]}