{"x_scale": [0.0067430928813842755], "x_min": [-6.743092881384276e-07]}