{"x_scale": [0.02210579093598867], "x_min": [0.8837904228911363]}