{"x_scale": [0.009174311926605505], "x_min": [1.3376146788990827e-25]}