{"x_scale": [0.008613271846056716], "x_min": [-8.613271846056717e-07]}