{"x_scale": [0.006715921232989411], "x_min": [-6.715921232989412e-07]}