{"x_scale": [0.0015337423312883436], "x_min": [2.791411042944785e-29]}