{"x_scale": [0.006693444908597663], "x_min": [-6.693444908597663e-07]}