{"x_scale": [0.008136703121808886], "x_min": [-8.136703121808887e-07]}