{"x_scale": [0.006671321470033692], "x_min": [-3.108835805035701e-05]}