{"x_scale": [0.00032216494845360824], "x_min": [5.8698453608247426e-27]}