{"x_scale": [0.1635874070271168], "x_min": [0.6543496281084672]}