{"x_scale": [0.007867826803955], "x_min": [-7.867826803955e-07]}