{"x_scale": [0.18221272464216026], "x_min": [0.6148735177543803]}