{"x_scale": [0.00015429717636167257], "x_min": [8.923005708995524e-22]}