{"x_scale": [0.0001840264998159735], "x_min": [4.858299595141701e-24]}