{"x_scale": [0.0002832058906825262], "x_min": [2.3707165109034264e-24]}