{"x_scale": [0.0010853049706967658], "x_min": [1.7831560668547862e-28]}