{"x_scale": [0.006968645971181861], "x_min": [-6.968645971181861e-07]}