{"x_scale": [7.072135785007137e-05], "x_min": [-9.080622347949163e-15]}