{"x_scale": [0.0071890777779135715], "x_min": [-7.189077777913572e-07]}