{"x_scale": [0.007680497450458872], "x_min": [-7.680497450458873e-07]}