{"x_scale": [0.1635695013025956], "x_min": [0.6542780052103824]}