{"x_scale": [0.020260657693503756], "x_min": [0.8958146698317802]}