{"x_scale": [0.007575763314972208], "x_min": [-7.575763314972209e-07]}