{"x_scale": [0.0005162622612287042], "x_min": [1.6427465152297368e-26]}