{"x_scale": [0.002277385561375541], "x_min": [4.623092689592349e-30]}