{"x_scale": [0.008510645540974929], "x_min": [-8.510645540974929e-07]}