{"x_scale": [0.00088261253309797], "x_min": [6.515445719329216e-23]}