{"x_scale": [0.00668003118238556], "x_min": [-6.68003118238556e-07]}