{"x_scale": [0.019543249737949374], "x_min": [0.9015362129958129]}