{"x_scale": [0.018444203573633435], "x_min": [0.9033103947156778]}