{"x_scale": [0.026532236667551078], "x_min": [8.51419474661714e-26]}