{"x_scale": [0.009505712457901576], "x_min": [-9.505712457901576e-07]}