{"x_scale": [0.020366716899852783], "x_min": [0.8995596601034903]}