{"x_scale": [0.003633720930232558], "x_min": [5.098110465116279e-24]}