{"x_scale": [0.01781899112436052], "x_min": [-1.7818991124360521e-06]}