{"x_scale": [0.00032175032175032174], "x_min": [1.7136422136422137e-26]}