{"x_scale": [0.0027314941272876263], "x_min": [1.3895110625512155e-23]}