{"x_scale": [7.575757575757578e-05], "x_min": [-3.53409090909091e-16]}