{"x_scale": [0.16460412608714659], "x_min": [0.6584165043485863]}