{"x_scale": [0.0008071025020177562], "x_min": [3.015334947538337e-28]}