{"x_scale": [0.16389672056494725], "x_min": [0.655586882259789]}