{"x_scale": [0.0005162622612287042], "x_min": [6.024780588538978e-25]}