{"x_min": [-0.001, -0.001, -0.010002550012750064, -0.00998199150957044, -0.04868075163080518, -2.5000125000625003e-06], "x_scale": [0.001, 0.001, 1.000005000025e-06, 0.009977003008066409, 0.004868075163080518, 0.5000025000125]}