{"x_min": [1.867364226937128], "x_scale": [0.029602127050152537]}