{"x_min": [20953.151614959752], "x_scale": [8499.499990179125]}