{"x_min": [1.7433952052751274], "x_scale": [0.029637246977250387]}