{"x_min": [2.061692777810944], "x_scale": [0.03529466258190109]}