{"x_min": [1.6095380430646409], "x_scale": [0.023300449683877737]}