{"x_min": [1.5501826381496682], "x_scale": [0.028250173732884434]}