{"x_min": [1.691323592854855], "x_scale": [0.07755527855099524]}