{"x_min": [1.4721754412266743], "x_scale": [0.022826941193551584]}