{"x_min": [1.9558428492089208], "x_scale": [0.02831372522937894]}