{"x_min": [1.3957250785085178], "x_scale": [0.032292428744200304]}