{"x_min": [1.9579302506441423], "x_scale": [0.03106209359281183]}