{"x_min": [1.7191731655966778], "x_scale": [0.024887580641826085]}