{"x_min": [1.599950062596152], "x_scale": [0.028446756963914865]}