{"x_min": [1.2784788149514552], "x_scale": [0.07816344557999723]}