{"x_min": [1.2726055202305473], "x_scale": [0.018422851835858126]}