{"x_min": [1.7336423958207776], "x_scale": [0.04699982002182553]}