{"x_min": [1.48015776507657], "x_scale": [0.021427478323966805]}