{"x_min": [1.8565545204525167], "x_scale": [0.026876379452835532]}