{"x_min": [2.5559376131106846], "x_scale": [0.06737996871463063]}