{"x_min": [46.580632758596025], "x_scale": [0.6743237256873367]}