{"x_min": [2.080186085000192], "x_scale": [0.04748758451161441]}