{"x_min": [1.6584807225231257], "x_scale": [0.024008967537823722]}