{"x_min": [1.7967840274582254], "x_scale": [0.03513355155457731]}