{"x_min": [2.3599480168313387], "x_scale": [0.03416374670961243]}