{"x_min": [1.6030194158907458], "x_scale": [0.027092181901717083]}