{"x_min": [1.3440791188435741], "x_scale": [0.04567816125656334]}