{"x_min": [1.755380846575347], "x_scale": [0.04404749206822871]}