{"x_min": [2.852860594659375], "x_scale": [0.08700233620659581]}