{"x_min": [1.7135893161157585], "x_scale": [0.036200704127971245]}