{"x_min": [1.884024770188141], "x_scale": [0.03836007078148768]}