{"x_min": [1.275655131830954], "x_scale": [0.01846699948552495]}