{"x_min": [2.059268652685436], "x_scale": [0.036672519600630976]}