{"x_min": [1.950830260762283], "x_scale": [0.03249120001595712]}