{"x_min": [2.2803395398310187], "x_scale": [0.03687582202831255]}