{"x_min": [2.157920062993951], "x_scale": [0.04221281790021864]}