{"x_min": [2.0381235998708407], "x_scale": [0.04262530536660878]}