{"x_min": [2.1990523775948363], "x_scale": [0.03817230710529745]}