{"x_min": [1.4629151966607132], "x_scale": [0.024317247381996462]}