{"x_min": [11.453208154496044], "x_scale": [15.877663276033543]}