{"x_min": [2.887432871351701], "x_scale": [0.08416096163521654]}