{"x_min": [1.7064530249213807], "x_scale": [0.033432173231440133]}