{"x_min": [2.1126082775850232], "x_scale": [0.04769900929671993]}