{"x_min": [1.683749839310487], "x_scale": [0.06079961658363248]}