{"x_min": [1.6418706250861934], "x_scale": [0.023768511749132554]}