{"x_min": [2.4457858207232737], "x_scale": [0.035406376195244456]}