{"x_min": [11.232579879383144], "x_scale": [0.1626082486384531]}