{"x_min": [2.245744951993294], "x_scale": [0.05379299489291206]}