{"x_min": [1.712822865163748], "x_scale": [0.024795650627277777]}