{"x_min": [1.7160211738390918], "x_scale": [0.024841950887581947]}