{"x_min": [1.5393516248466306], "x_scale": [0.023985018834371975]}