{"x_min": [1.5616326789072716], "x_scale": [0.03859769282652023]}