{"x_min": [1.8417861380839773], "x_scale": [0.03039379519057697]}