{"x_min": [1.8876063973894912], "x_scale": [0.045961308470311206]}