{"x_min": [1.3872617356124166], "x_scale": [0.05110232348050852]}