{"x_min": [1.971650542558843], "x_scale": [0.05630400981606694]}