{"x_min": [1.6530479305071706], "x_scale": [0.023930319818028477]}