{"x_min": [1.608021408734002], "x_scale": [0.03828121312244568]}