{"x_min": [2.6230330077522943], "x_scale": [0.0760874479943441]}