{"x_min": [2.080210956197082], "x_scale": [0.07113787670891653]}