{"x_min": [1.6252722513183802], "x_scale": [0.028772032232971954]}