{"x_min": [1.727646806999214], "x_scale": [0.029541554887834363]}