{"x_min": [2.5138628112160366], "x_scale": [0.06470352336469452]}