{"x_min": [2.9392413809835514], "x_scale": [0.08786027548742865]}