{"x_min": [2.215914190731805], "x_scale": [0.0517823630736361]}