{"x_min": [1.4477211627354056], "x_scale": [0.020957910410351544]}