{"x_min": [1.8120785648638185], "x_scale": [0.0655469017964603]}