{"x_min": [3.6901776571804987], "x_scale": [0.05342079312520535]}