{"x_min": [1.940681546544139], "x_scale": [0.028094242893186277]}