{"x_min": [2.785984011339217], "x_scale": [0.04695870491248905]}