{"x_min": [2.02107567899013], "x_scale": [0.040936077119057834]}