{"x_min": [2.0787361440112657], "x_scale": [0.030092787889231205]}