{"x_min": [1.3333763272845074], "x_scale": [0.03069299395898927]}