{"x_min": [2.557473500379904], "x_scale": [0.04764715713628906]}