{"x_min": [2.0285289727114093], "x_scale": [0.04167940162199552]}