{"x_min": [1.353714070673694], "x_scale": [0.023636595024519848]}