{"x_min": [1.6097810854019372], "x_scale": [0.03828485521073851]}