{"x_min": [3.222514944907508], "x_scale": [0.08705690246004814]}