{"x_min": [1.9479459047111631], "x_scale": [0.033356930745700196]}