{"x_min": [1.5615955318989132], "x_scale": [0.02260641074894905]}