{"x_min": [1.5221531139987714], "x_scale": [0.055238709690217117]}