{"x_min": [1.6088216351526567], "x_scale": [0.04206125436350206]}