{"x_min": [1.2899720521469078], "x_scale": [0.030178444973690235]}