{"x_min": [1.2001758350801777], "x_scale": [0.01794116119597382]}