{"x_min": [2.0898542290960225], "x_scale": [0.030253738655952562]}