{"x_min": [1.6380088915585163], "x_scale": [0.033487798858970914]}