{"x_min": [2.4930560586566832], "x_scale": [0.03609068297833558]}