{"x_min": [2.0304548058271443], "x_scale": [0.05238341070132956]}