{"x_min": [1.7619981558630415], "x_scale": [0.02550753587383416]}