{"x_min": [1.8845612606661322], "x_scale": [0.035060599626476736]}