{"x_min": [2.0634369820328837], "x_scale": [0.0412999409289636]}