{"x_min": [2.5138795200547888], "x_scale": [0.08123693357349678]}