{"x_min": [2.2217890468156223], "x_scale": [0.0685557022138637]}