{"x_min": [1.9660480756368388], "x_scale": [0.041343023978925496]}