{"x_min": [2.5778488690313517], "x_scale": [0.05181750180379903]}