{"x_min": [2.03796134968343], "x_scale": [0.03317029231114401]}