{"x_min": [1.9506356508709182], "x_scale": [0.04012414990161668]}