{"x_min": [2.141225264103694], "x_scale": [0.04750214844621488]}