{"x_min": [2.1512919770889316], "x_scale": [0.03760909614904651]}