{"x_min": [1.6520455374710123], "x_scale": [0.0615633976358839]}