{"x_min": [1.4827364340294125], "x_scale": [0.0338325986216259]}