{"x_min": [1.9748621165598224], "x_scale": [0.033229192240180935]}