{"x_min": [1.7843080978285237], "x_scale": [0.027672872009459545]}