{"x_min": [2.214064831433058], "x_scale": [0.03205187129558102]}