{"x_min": [2.7262017330277], "x_scale": [0.03946581230696707]}