{"x_min": [1.4724702306980748], "x_scale": [0.05044556387901687]}