{"x_min": [1.561660727750982], "x_scale": [0.0226073545555756]}