{"x_min": [1.6305897965187888], "x_scale": [0.03553683731630825]}