{"x_min": [1.4738891340196218], "x_scale": [0.02219575698565081]}