{"x_min": [2.135275082171133], "x_scale": [0.041558267168516065]}