{"x_min": [2.2392255343078227], "x_scale": [0.050661453638798384]}