{"x_min": [1.5306225709737575], "x_scale": [0.07640650271734549]}