{"x_min": [1.4402434722053183], "x_scale": [0.05807118781535633]}