{"x_min": [1.887068858611083], "x_scale": [0.043534693982016225]}