{"x_min": [2.025974682591614], "x_scale": [0.044952110319939356]}