{"x_min": [1.6702968810311523], "x_scale": [0.02630165172894238]}