{"x_min": [2.3416014239005576], "x_scale": [0.04741185941511201]}