{"x_min": [2.4502845680523353], "x_scale": [0.0559427183538892]}