{"x_min": [2.210124271698943], "x_scale": [0.0549150146362329]}