{"x_min": [3.2302653088204583], "x_scale": [0.08422409870619532]}