{"x_min": [1.6903174139026078], "x_scale": [0.045974697699520145]}