{"x_min": [2.3118551429997147], "x_scale": [0.0583277099112424]}