{"x_min": [2.2495338624109285], "x_scale": [0.08344405677986634]}