{"x_min": [2.753324829651239], "x_scale": [0.06883944710879271]}