{"x_min": [1.658937786037504], "x_scale": [0.024015584209896183]}