{"x_min": [1.7856307659889958], "x_scale": [0.025849652946189922]}