{"x_min": [1.8344828710236576], "x_scale": [0.03322655396661574]}