{"x_min": [2.064091822002806], "x_scale": [0.04479436057760224]}