{"x_min": [1.3665967147498426], "x_scale": [0.023667453605801476]}