{"x_min": [2.7954279047213517], "x_scale": [0.08310275781951985]}