{"x_min": [1.2194438697884267], "x_scale": [0.020732938604359152]}