{"x_min": [2.332411123905284], "x_scale": [0.069462696789281]}