{"x_min": [1.7359446878681408], "x_scale": [0.03387317172887159]}