{"x_min": [5.247656388379209], "x_scale": [0.07596760707991461]}