{"x_min": [1.3683571626134698], "x_scale": [0.039421844207867165]}