{"x_min": [1.8385932029299463], "x_scale": [0.03399899820497318]}