{"x_min": [2.179738645514242], "x_scale": [0.05289561845696465]}