{"x_min": [1.5963326756940943], "x_scale": [0.056548214885603805]}