{"x_min": [1.2675630186854572], "x_scale": [0.024940366136597933]}