{"x_min": [2.138251474821421], "x_scale": [0.04554989922198396]}