{"x_min": [2.694054519711515], "x_scale": [0.06402750887968334]}