{"x_min": [2.167606270694173], "x_scale": [0.052282351648826275]}