{"x_min": [2.10660773560336], "x_scale": [0.07752406839190289]}