{"x_min": [1.8489488495263466], "x_scale": [0.034208620081727634]}