{"x_min": [1.6862795929143866], "x_scale": [0.048065451745603456]}