{"x_min": [2.166195246483695], "x_scale": [0.08935376727369719]}