{"x_min": [2.0419796930817484], "x_scale": [0.03714960395185305]}