{"x_min": [3.1831741736840526], "x_scale": [0.04608116595226425]}