{"x_min": [2.3254710861631405], "x_scale": [0.07004962811070069]}