{"x_min": [2.0620181058691713], "x_scale": [0.03471207682365582]}