{"x_min": [1.6952289059897812], "x_scale": [0.04299884817284231]}