{"x_min": [1.2851174184235619], "x_scale": [0.01930107219008657]}