{"x_min": [80.84774525159716], "x_scale": [1.1703909879029493]}