{"x_min": [1.8113597629481946], "x_scale": [0.04272439763925699]}