{"x_min": [1.7967052727229056], "x_scale": [0.026009972851667836]}