{"x_min": [2.000558738493951], "x_scale": [0.028961054028375118]}