{"x_min": [2.8266167028949583], "x_scale": [0.0752506215495717]}