{"x_min": [1.8827493005961464], "x_scale": [0.027255587735203774]}