{"x_min": [1.732270864374637], "x_scale": [0.07753166229043663]}