{"x_min": [2.0509090254814324], "x_scale": [0.05946553932077164]}