{"x_min": [1.9832801401090219], "x_scale": [0.028710920697255213]}