{"x_min": [2.369110193546293], "x_scale": [0.056633260151107985]}