{"x_min": [1.660977001472986], "x_scale": [0.026385460279752818]}